id_cliente,nombre,apellido,cantidad_compras
101,Juan,Perez,4
103,Carlos,Rojas,2
107,Diego,Soto,2
104,Maria,Lopez,2
105,Pedro,Diaz,2
106,Laura,Martinez,2
109,Andres,Castro,2
108,Sofia,Reyes,2
102,Ana,Gomez,1
110,Camila,Vega,1
